{
  "backprop" : true,
  "backpropType" : "Standard",
  "cacheMode" : "NONE",
  "defaultConfiguration" : {
    "cacheMode" : "NONE",
    "epochCount" : 0,
    "iterationCount" : 0,
    "layer" : null,
    "maxNumLineSearchIterations" : 5,
    "miniBatch" : true,
    "minimize" : true,
    "optimizationAlgo" : "STOCHASTIC_GRADIENT_DESCENT",
    "pretrain" : false,
    "seed" : 1546532954766,
    "stepFunction" : null,
    "variables" : [ "embedding_1_W", "embedding_2_W", "bidirectional_1_fW", "bidirectional_1_fRW", "bidirectional_1_fb", "bidirectional_1_bW", "bidirectional_1_bRW", "bidirectional_1_bb", "bidirectional_2_fW", "bidirectional_2_fRW", "bidirectional_2_fb", "bidirectional_2_bW", "bidirectional_2_bRW", "bidirectional_2_bb", "bidirectional_3_fW", "bidirectional_3_fRW", "bidirectional_3_fb", "bidirectional_3_bW", "bidirectional_3_bRW", "bidirectional_3_bb", "lstm_2_W", "lstm_2_RW", "lstm_2_b", "lstm_4_W", "lstm_4_RW", "lstm_4_b", "lstm_6_W", "lstm_6_RW", "lstm_6_b", "timedistributed_1_W", "timedistributed_1_b", "timedistributed_2_W", "timedistributed_2_b", "timedistributed_3_W", "timedistributed_3_b" ]
  },
  "epochCount" : 0,
  "inferenceWorkspaceMode" : "ENABLED",
  "iterationCount" : 0,
  "networkInputs" : [ "character", "unicate" ],
  "networkOutputs" : [ "timedistributed_1", "timedistributed_2", "timedistributed_3" ],
  "pretrain" : false,
  "tbpttBackLength" : 20,
  "tbpttFwdLength" : 20,
  "topologicalOrder" : [ 0, 1, 2, 3, 4, 5, 6, 7, 8, 9, 10, 11, 12, 13 ],
  "topologicalOrderStr" : [ "character", "unicate", "embedding_1", "embedding_2", "merge_1", "bidirectional_1", "bidirectional_2", "bidirectional_3", "lstm_2", "lstm_4", "lstm_6", "timedistributed_1", "timedistributed_2", "timedistributed_3" ],
  "trainingWorkspaceMode" : "ENABLED",
  "vertexInputs" : {
    "embedding_1" : [ "character" ],
    "embedding_2" : [ "unicate" ],
    "merge_1" : [ "embedding_1", "embedding_2" ],
    "bidirectional_1" : [ "merge_1" ],
    "bidirectional_2" : [ "merge_1" ],
    "bidirectional_3" : [ "merge_1" ],
    "lstm_2" : [ "bidirectional_1" ],
    "lstm_4" : [ "bidirectional_2" ],
    "lstm_6" : [ "bidirectional_3" ],
    "timedistributed_1" : [ "lstm_2" ],
    "timedistributed_2" : [ "lstm_4" ],
    "timedistributed_3" : [ "lstm_6" ]
  },
  "vertices" : {
    "embedding_1" : {
      "@class" : "org.deeplearning4j.nn.conf.graph.LayerVertex",
      "layerConf" : {
        "cacheMode" : "NONE",
        "epochCount" : 0,
        "iterationCount" : 0,
        "layer" : {
          "@class" : "org.deeplearning4j.nn.conf.layers.EmbeddingSequenceLayer",
          "activationFn" : {
            "@class" : "org.nd4j.linalg.activations.impl.ActivationIdentity"
          },
          "biasInit" : 0.0,
          "biasUpdater" : null,
          "constraints" : null,
          "dist" : {
            "type" : "org.deeplearning4j.nn.conf.distribution.UniformDistribution",
            "lower" : -0.05,
            "upper" : 0.05
          },
          "gradientNormalization" : "None",
          "gradientNormalizationThreshold" : 1.0,
          "hasBias" : false,
          "idropout" : {
            "@class" : "org.deeplearning4j.nn.conf.dropout.Dropout",
            "p" : 0.75,
            "pschedule" : null
          },
          "inferInputLength" : true,
          "inputLength" : 356,
          "iupdater" : {
            "@class" : "org.nd4j.linalg.learning.config.Sgd",
            "learningRate" : 0.001
          },
          "l1" : 0.0,
          "l1Bias" : 0.0,
          "l2" : 0.009999999776482582,
          "l2Bias" : 0.0,
          "layerName" : "embedding_1",
          "nin" : 89,
          "nout" : 128,
          "pretrain" : false,
          "weightInit" : "DISTRIBUTION",
          "weightNoise" : null
        },
        "maxNumLineSearchIterations" : 5,
        "miniBatch" : true,
        "minimize" : true,
        "optimizationAlgo" : "STOCHASTIC_GRADIENT_DESCENT",
        "pretrain" : false,
        "seed" : 1546532954766,
        "stepFunction" : null,
        "variables" : [ "W" ]
      },
      "outputVertex" : false,
      "preProcessor" : null
    },
    "embedding_2" : {
      "@class" : "org.deeplearning4j.nn.conf.graph.LayerVertex",
      "layerConf" : {
        "cacheMode" : "NONE",
        "epochCount" : 0,
        "iterationCount" : 0,
        "layer" : {
          "@class" : "org.deeplearning4j.nn.conf.layers.EmbeddingSequenceLayer",
          "activationFn" : {
            "@class" : "org.nd4j.linalg.activations.impl.ActivationIdentity"
          },
          "biasInit" : 0.0,
          "biasUpdater" : null,
          "constraints" : null,
          "dist" : {
            "type" : "org.deeplearning4j.nn.conf.distribution.UniformDistribution",
            "lower" : -0.05,
            "upper" : 0.05
          },
          "gradientNormalization" : "None",
          "gradientNormalizationThreshold" : 1.0,
          "hasBias" : false,
          "idropout" : {
            "@class" : "org.deeplearning4j.nn.conf.dropout.Dropout",
            "p" : 0.85,
            "pschedule" : null
          },
          "inferInputLength" : true,
          "inputLength" : 356,
          "iupdater" : {
            "@class" : "org.nd4j.linalg.learning.config.Sgd",
            "learningRate" : 0.001
          },
          "l1" : 0.0,
          "l1Bias" : 0.0,
          "l2" : 0.009999999776482582,
          "l2Bias" : 0.0,
          "layerName" : "embedding_2",
          "nin" : 15,
          "nout" : 64,
          "pretrain" : false,
          "weightInit" : "DISTRIBUTION",
          "weightNoise" : null
        },
        "maxNumLineSearchIterations" : 5,
        "miniBatch" : true,
        "minimize" : true,
        "optimizationAlgo" : "STOCHASTIC_GRADIENT_DESCENT",
        "pretrain" : false,
        "seed" : 1546532954766,
        "stepFunction" : null,
        "variables" : [ "W" ]
      },
      "outputVertex" : false,
      "preProcessor" : null
    },
    "merge_1" : {
      "@class" : "org.deeplearning4j.nn.conf.graph.MergeVertex"
    },
    "bidirectional_1" : {
      "@class" : "org.deeplearning4j.nn.conf.graph.LayerVertex",
      "layerConf" : {
        "cacheMode" : "NONE",
        "epochCount" : 0,
        "iterationCount" : 0,
        "layer" : {
          "@class" : "org.deeplearning4j.nn.conf.layers.recurrent.Bidirectional",
          "bwd" : {
            "@class" : "org.deeplearning4j.nn.conf.layers.LSTM",
            "activationFn" : {
              "@class" : "org.nd4j.linalg.activations.impl.ActivationTanH"
            },
            "biasInit" : 0.0,
            "biasUpdater" : null,
            "constraints" : null,
            "dist" : null,
            "distRecurrent" : {
              "type" : "org.deeplearning4j.nn.conf.distribution.OrthogonalDistribution",
              "gain" : 1.1
            },
            "forgetGateBiasInit" : 1.0,
            "gateActivationFn" : {
              "@class" : "org.nd4j.linalg.activations.impl.ActivationHardSigmoid"
            },
            "gradientNormalization" : "None",
            "gradientNormalizationThreshold" : 1.0,
            "idropout" : {
              "@class" : "org.deeplearning4j.nn.conf.dropout.Dropout",
              "p" : 1.0,
              "pschedule" : null
            },
            "iupdater" : {
              "@class" : "org.nd4j.linalg.learning.config.Sgd",
              "learningRate" : 0.001
            },
            "l1" : 0.0,
            "l1Bias" : 0.0,
            "l2" : 0.0,
            "l2Bias" : 0.0,
            "layerName" : "bidirectional_1",
            "nin" : 192,
            "nout" : 256,
            "pretrain" : false,
            "weightInit" : "XAVIER_UNIFORM",
            "weightInitRecurrent" : "DISTRIBUTION",
            "weightNoise" : null
          },
          "constraints" : null,
          "fwd" : {
            "@class" : "org.deeplearning4j.nn.conf.layers.LSTM",
            "activationFn" : {
              "@class" : "org.nd4j.linalg.activations.impl.ActivationTanH"
            },
            "biasInit" : 0.0,
            "biasUpdater" : null,
            "constraints" : null,
            "dist" : null,
            "distRecurrent" : {
              "type" : "org.deeplearning4j.nn.conf.distribution.OrthogonalDistribution",
              "gain" : 1.1
            },
            "forgetGateBiasInit" : 1.0,
            "gateActivationFn" : {
              "@class" : "org.nd4j.linalg.activations.impl.ActivationHardSigmoid"
            },
            "gradientNormalization" : "None",
            "gradientNormalizationThreshold" : 1.0,
            "idropout" : {
              "@class" : "org.deeplearning4j.nn.conf.dropout.Dropout",
              "p" : 1.0,
              "pschedule" : null
            },
            "iupdater" : {
              "@class" : "org.nd4j.linalg.learning.config.Sgd",
              "learningRate" : 0.001
            },
            "l1" : 0.0,
            "l1Bias" : 0.0,
            "l2" : 0.0,
            "l2Bias" : 0.0,
            "layerName" : "bidirectional_1",
            "nin" : 192,
            "nout" : 256,
            "pretrain" : false,
            "weightInit" : "XAVIER_UNIFORM",
            "weightInitRecurrent" : "DISTRIBUTION",
            "weightNoise" : null
          },
          "gradientNormalization" : "None",
          "gradientNormalizationThreshold" : 1.0,
          "idropout" : null,
          "layerName" : "bidirectional_1",
          "mode" : "CONCAT",
          "nin" : 192,
          "nout" : 256,
          "pretrain" : false
        },
        "maxNumLineSearchIterations" : 5,
        "miniBatch" : true,
        "minimize" : true,
        "optimizationAlgo" : "STOCHASTIC_GRADIENT_DESCENT",
        "pretrain" : false,
        "seed" : 1546532954766,
        "stepFunction" : null,
        "variables" : [ "fW", "fRW", "fb", "bW", "bRW", "bb" ]
      },
      "outputVertex" : false,
      "preProcessor" : null
    },
    "bidirectional_2" : {
      "@class" : "org.deeplearning4j.nn.conf.graph.LayerVertex",
      "layerConf" : {
        "cacheMode" : "NONE",
        "epochCount" : 0,
        "iterationCount" : 0,
        "layer" : {
          "@class" : "org.deeplearning4j.nn.conf.layers.recurrent.Bidirectional",
          "bwd" : {
            "@class" : "org.deeplearning4j.nn.conf.layers.LSTM",
            "activationFn" : {
              "@class" : "org.nd4j.linalg.activations.impl.ActivationTanH"
            },
            "biasInit" : 0.0,
            "biasUpdater" : null,
            "constraints" : null,
            "dist" : null,
            "distRecurrent" : {
              "type" : "org.deeplearning4j.nn.conf.distribution.OrthogonalDistribution",
              "gain" : 1.1
            },
            "forgetGateBiasInit" : 1.0,
            "gateActivationFn" : {
              "@class" : "org.nd4j.linalg.activations.impl.ActivationHardSigmoid"
            },
            "gradientNormalization" : "None",
            "gradientNormalizationThreshold" : 1.0,
            "idropout" : {
              "@class" : "org.deeplearning4j.nn.conf.dropout.Dropout",
              "p" : 1.0,
              "pschedule" : null
            },
            "iupdater" : {
              "@class" : "org.nd4j.linalg.learning.config.Sgd",
              "learningRate" : 0.001
            },
            "l1" : 0.0,
            "l1Bias" : 0.0,
            "l2" : 0.0,
            "l2Bias" : 0.0,
            "layerName" : "bidirectional_2",
            "nin" : 192,
            "nout" : 256,
            "pretrain" : false,
            "weightInit" : "XAVIER_UNIFORM",
            "weightInitRecurrent" : "DISTRIBUTION",
            "weightNoise" : null
          },
          "constraints" : null,
          "fwd" : {
            "@class" : "org.deeplearning4j.nn.conf.layers.LSTM",
            "activationFn" : {
              "@class" : "org.nd4j.linalg.activations.impl.ActivationTanH"
            },
            "biasInit" : 0.0,
            "biasUpdater" : null,
            "constraints" : null,
            "dist" : null,
            "distRecurrent" : {
              "type" : "org.deeplearning4j.nn.conf.distribution.OrthogonalDistribution",
              "gain" : 1.1
            },
            "forgetGateBiasInit" : 1.0,
            "gateActivationFn" : {
              "@class" : "org.nd4j.linalg.activations.impl.ActivationHardSigmoid"
            },
            "gradientNormalization" : "None",
            "gradientNormalizationThreshold" : 1.0,
            "idropout" : {
              "@class" : "org.deeplearning4j.nn.conf.dropout.Dropout",
              "p" : 1.0,
              "pschedule" : null
            },
            "iupdater" : {
              "@class" : "org.nd4j.linalg.learning.config.Sgd",
              "learningRate" : 0.001
            },
            "l1" : 0.0,
            "l1Bias" : 0.0,
            "l2" : 0.0,
            "l2Bias" : 0.0,
            "layerName" : "bidirectional_2",
            "nin" : 192,
            "nout" : 256,
            "pretrain" : false,
            "weightInit" : "XAVIER_UNIFORM",
            "weightInitRecurrent" : "DISTRIBUTION",
            "weightNoise" : null
          },
          "gradientNormalization" : "None",
          "gradientNormalizationThreshold" : 1.0,
          "idropout" : null,
          "layerName" : "bidirectional_2",
          "mode" : "CONCAT",
          "nin" : 192,
          "nout" : 256,
          "pretrain" : false
        },
        "maxNumLineSearchIterations" : 5,
        "miniBatch" : true,
        "minimize" : true,
        "optimizationAlgo" : "STOCHASTIC_GRADIENT_DESCENT",
        "pretrain" : false,
        "seed" : 1546532954766,
        "stepFunction" : null,
        "variables" : [ "fW", "fRW", "fb", "bW", "bRW", "bb" ]
      },
      "outputVertex" : false,
      "preProcessor" : null
    },
    "bidirectional_3" : {
      "@class" : "org.deeplearning4j.nn.conf.graph.LayerVertex",
      "layerConf" : {
        "cacheMode" : "NONE",
        "epochCount" : 0,
        "iterationCount" : 0,
        "layer" : {
          "@class" : "org.deeplearning4j.nn.conf.layers.recurrent.Bidirectional",
          "bwd" : {
            "@class" : "org.deeplearning4j.nn.conf.layers.LSTM",
            "activationFn" : {
              "@class" : "org.nd4j.linalg.activations.impl.ActivationTanH"
            },
            "biasInit" : 0.0,
            "biasUpdater" : null,
            "constraints" : null,
            "dist" : null,
            "distRecurrent" : {
              "type" : "org.deeplearning4j.nn.conf.distribution.OrthogonalDistribution",
              "gain" : 1.1
            },
            "forgetGateBiasInit" : 1.0,
            "gateActivationFn" : {
              "@class" : "org.nd4j.linalg.activations.impl.ActivationHardSigmoid"
            },
            "gradientNormalization" : "None",
            "gradientNormalizationThreshold" : 1.0,
            "idropout" : {
              "@class" : "org.deeplearning4j.nn.conf.dropout.Dropout",
              "p" : 1.0,
              "pschedule" : null
            },
            "iupdater" : {
              "@class" : "org.nd4j.linalg.learning.config.Sgd",
              "learningRate" : 0.001
            },
            "l1" : 0.0,
            "l1Bias" : 0.0,
            "l2" : 0.0,
            "l2Bias" : 0.0,
            "layerName" : "bidirectional_3",
            "nin" : 192,
            "nout" : 256,
            "pretrain" : false,
            "weightInit" : "XAVIER_UNIFORM",
            "weightInitRecurrent" : "DISTRIBUTION",
            "weightNoise" : null
          },
          "constraints" : null,
          "fwd" : {
            "@class" : "org.deeplearning4j.nn.conf.layers.LSTM",
            "activationFn" : {
              "@class" : "org.nd4j.linalg.activations.impl.ActivationTanH"
            },
            "biasInit" : 0.0,
            "biasUpdater" : null,
            "constraints" : null,
            "dist" : null,
            "distRecurrent" : {
              "type" : "org.deeplearning4j.nn.conf.distribution.OrthogonalDistribution",
              "gain" : 1.1
            },
            "forgetGateBiasInit" : 1.0,
            "gateActivationFn" : {
              "@class" : "org.nd4j.linalg.activations.impl.ActivationHardSigmoid"
            },
            "gradientNormalization" : "None",
            "gradientNormalizationThreshold" : 1.0,
            "idropout" : {
              "@class" : "org.deeplearning4j.nn.conf.dropout.Dropout",
              "p" : 1.0,
              "pschedule" : null
            },
            "iupdater" : {
              "@class" : "org.nd4j.linalg.learning.config.Sgd",
              "learningRate" : 0.001
            },
            "l1" : 0.0,
            "l1Bias" : 0.0,
            "l2" : 0.0,
            "l2Bias" : 0.0,
            "layerName" : "bidirectional_3",
            "nin" : 192,
            "nout" : 256,
            "pretrain" : false,
            "weightInit" : "XAVIER_UNIFORM",
            "weightInitRecurrent" : "DISTRIBUTION",
            "weightNoise" : null
          },
          "gradientNormalization" : "None",
          "gradientNormalizationThreshold" : 1.0,
          "idropout" : null,
          "layerName" : "bidirectional_3",
          "mode" : "CONCAT",
          "nin" : 192,
          "nout" : 256,
          "pretrain" : false
        },
        "maxNumLineSearchIterations" : 5,
        "miniBatch" : true,
        "minimize" : true,
        "optimizationAlgo" : "STOCHASTIC_GRADIENT_DESCENT",
        "pretrain" : false,
        "seed" : 1546532954766,
        "stepFunction" : null,
        "variables" : [ "fW", "fRW", "fb", "bW", "bRW", "bb" ]
      },
      "outputVertex" : false,
      "preProcessor" : null
    },
    "lstm_2" : {
      "@class" : "org.deeplearning4j.nn.conf.graph.LayerVertex",
      "layerConf" : {
        "cacheMode" : "NONE",
        "epochCount" : 0,
        "iterationCount" : 0,
        "layer" : {
          "@class" : "org.deeplearning4j.nn.conf.layers.LSTM",
          "activationFn" : {
            "@class" : "org.nd4j.linalg.activations.impl.ActivationTanH"
          },
          "biasInit" : 0.0,
          "biasUpdater" : null,
          "constraints" : null,
          "dist" : null,
          "distRecurrent" : {
            "type" : "org.deeplearning4j.nn.conf.distribution.OrthogonalDistribution",
            "gain" : 1.1
          },
          "forgetGateBiasInit" : 1.0,
          "gateActivationFn" : {
            "@class" : "org.nd4j.linalg.activations.impl.ActivationHardSigmoid"
          },
          "gradientNormalization" : "None",
          "gradientNormalizationThreshold" : 1.0,
          "idropout" : {
            "@class" : "org.deeplearning4j.nn.conf.dropout.Dropout",
            "p" : 1.0,
            "pschedule" : null
          },
          "iupdater" : {
            "@class" : "org.nd4j.linalg.learning.config.Sgd",
            "learningRate" : 0.001
          },
          "l1" : 0.0,
          "l1Bias" : 0.0,
          "l2" : 0.0,
          "l2Bias" : 0.0,
          "layerName" : "lstm_2",
          "nin" : 512,
          "nout" : 150,
          "pretrain" : false,
          "weightInit" : "XAVIER_UNIFORM",
          "weightInitRecurrent" : "DISTRIBUTION",
          "weightNoise" : null
        },
        "maxNumLineSearchIterations" : 5,
        "miniBatch" : true,
        "minimize" : true,
        "optimizationAlgo" : "STOCHASTIC_GRADIENT_DESCENT",
        "pretrain" : false,
        "seed" : 1546532954766,
        "stepFunction" : null,
        "variables" : [ "W", "RW", "b" ]
      },
      "outputVertex" : false,
      "preProcessor" : null
    },
    "lstm_4" : {
      "@class" : "org.deeplearning4j.nn.conf.graph.LayerVertex",
      "layerConf" : {
        "cacheMode" : "NONE",
        "epochCount" : 0,
        "iterationCount" : 0,
        "layer" : {
          "@class" : "org.deeplearning4j.nn.conf.layers.LSTM",
          "activationFn" : {
            "@class" : "org.nd4j.linalg.activations.impl.ActivationTanH"
          },
          "biasInit" : 0.0,
          "biasUpdater" : null,
          "constraints" : null,
          "dist" : null,
          "distRecurrent" : {
            "type" : "org.deeplearning4j.nn.conf.distribution.OrthogonalDistribution",
            "gain" : 1.1
          },
          "forgetGateBiasInit" : 1.0,
          "gateActivationFn" : {
            "@class" : "org.nd4j.linalg.activations.impl.ActivationHardSigmoid"
          },
          "gradientNormalization" : "None",
          "gradientNormalizationThreshold" : 1.0,
          "idropout" : {
            "@class" : "org.deeplearning4j.nn.conf.dropout.Dropout",
            "p" : 1.0,
            "pschedule" : null
          },
          "iupdater" : {
            "@class" : "org.nd4j.linalg.learning.config.Sgd",
            "learningRate" : 0.001
          },
          "l1" : 0.0,
          "l1Bias" : 0.0,
          "l2" : 0.0,
          "l2Bias" : 0.0,
          "layerName" : "lstm_4",
          "nin" : 512,
          "nout" : 150,
          "pretrain" : false,
          "weightInit" : "XAVIER_UNIFORM",
          "weightInitRecurrent" : "DISTRIBUTION",
          "weightNoise" : null
        },
        "maxNumLineSearchIterations" : 5,
        "miniBatch" : true,
        "minimize" : true,
        "optimizationAlgo" : "STOCHASTIC_GRADIENT_DESCENT",
        "pretrain" : false,
        "seed" : 1546532954766,
        "stepFunction" : null,
        "variables" : [ "W", "RW", "b" ]
      },
      "outputVertex" : false,
      "preProcessor" : null
    },
    "lstm_6" : {
      "@class" : "org.deeplearning4j.nn.conf.graph.LayerVertex",
      "layerConf" : {
        "cacheMode" : "NONE",
        "epochCount" : 0,
        "iterationCount" : 0,
        "layer" : {
          "@class" : "org.deeplearning4j.nn.conf.layers.LSTM",
          "activationFn" : {
            "@class" : "org.nd4j.linalg.activations.impl.ActivationTanH"
          },
          "biasInit" : 0.0,
          "biasUpdater" : null,
          "constraints" : null,
          "dist" : null,
          "distRecurrent" : {
            "type" : "org.deeplearning4j.nn.conf.distribution.OrthogonalDistribution",
            "gain" : 1.1
          },
          "forgetGateBiasInit" : 1.0,
          "gateActivationFn" : {
            "@class" : "org.nd4j.linalg.activations.impl.ActivationHardSigmoid"
          },
          "gradientNormalization" : "None",
          "gradientNormalizationThreshold" : 1.0,
          "idropout" : {
            "@class" : "org.deeplearning4j.nn.conf.dropout.Dropout",
            "p" : 1.0,
            "pschedule" : null
          },
          "iupdater" : {
            "@class" : "org.nd4j.linalg.learning.config.Sgd",
            "learningRate" : 0.001
          },
          "l1" : 0.0,
          "l1Bias" : 0.0,
          "l2" : 0.0,
          "l2Bias" : 0.0,
          "layerName" : "lstm_6",
          "nin" : 512,
          "nout" : 150,
          "pretrain" : false,
          "weightInit" : "XAVIER_UNIFORM",
          "weightInitRecurrent" : "DISTRIBUTION",
          "weightNoise" : null
        },
        "maxNumLineSearchIterations" : 5,
        "miniBatch" : true,
        "minimize" : true,
        "optimizationAlgo" : "STOCHASTIC_GRADIENT_DESCENT",
        "pretrain" : false,
        "seed" : 1546532954766,
        "stepFunction" : null,
        "variables" : [ "W", "RW", "b" ]
      },
      "outputVertex" : false,
      "preProcessor" : null
    },
    "timedistributed_1" : {
      "@class" : "org.deeplearning4j.nn.conf.graph.LayerVertex",
      "layerConf" : {
        "cacheMode" : "NONE",
        "epochCount" : 0,
        "iterationCount" : 0,
        "layer" : {
          "@class" : "org.deeplearning4j.nn.conf.layers.DenseLayer",
          "activationFn" : {
            "@class" : "org.nd4j.linalg.activations.impl.ActivationSoftmax"
          },
          "biasInit" : 0.0,
          "biasUpdater" : null,
          "constraints" : null,
          "dist" : null,
          "gradientNormalization" : "None",
          "gradientNormalizationThreshold" : 1.0,
          "hasBias" : true,
          "idropout" : {
            "@class" : "org.deeplearning4j.nn.conf.dropout.Dropout",
            "p" : 1.0,
            "pschedule" : null
          },
          "iupdater" : {
            "@class" : "org.nd4j.linalg.learning.config.Sgd",
            "learningRate" : 0.001
          },
          "l1" : 0.0,
          "l1Bias" : 0.0,
          "l2" : 0.009999999776482582,
          "l2Bias" : 0.0,
          "layerName" : "timedistributed_1",
          "nin" : 150,
          "nout" : 18,
          "pretrain" : false,
          "weightInit" : "XAVIER_UNIFORM",
          "weightNoise" : null
        },
        "maxNumLineSearchIterations" : 5,
        "miniBatch" : true,
        "minimize" : true,
        "optimizationAlgo" : "STOCHASTIC_GRADIENT_DESCENT",
        "pretrain" : false,
        "seed" : 1546532954766,
        "stepFunction" : null,
        "variables" : [ "W", "b" ]
      },
      "outputVertex" : false,
      "preProcessor" : {
        "@class" : "org.deeplearning4j.nn.conf.preprocessor.RnnToFeedForwardPreProcessor"
      }
    },
    "timedistributed_2" : {
      "@class" : "org.deeplearning4j.nn.conf.graph.LayerVertex",
      "layerConf" : {
        "cacheMode" : "NONE",
        "epochCount" : 0,
        "iterationCount" : 0,
        "layer" : {
          "@class" : "org.deeplearning4j.nn.conf.layers.DenseLayer",
          "activationFn" : {
            "@class" : "org.nd4j.linalg.activations.impl.ActivationSoftmax"
          },
          "biasInit" : 0.0,
          "biasUpdater" : null,
          "constraints" : null,
          "dist" : null,
          "gradientNormalization" : "None",
          "gradientNormalizationThreshold" : 1.0,
          "hasBias" : true,
          "idropout" : {
            "@class" : "org.deeplearning4j.nn.conf.dropout.Dropout",
            "p" : 1.0,
            "pschedule" : null
          },
          "iupdater" : {
            "@class" : "org.nd4j.linalg.learning.config.Sgd",
            "learningRate" : 0.001
          },
          "l1" : 0.0,
          "l1Bias" : 0.0,
          "l2" : 0.009999999776482582,
          "l2Bias" : 0.0,
          "layerName" : "timedistributed_2",
          "nin" : 150,
          "nout" : 15,
          "pretrain" : false,
          "weightInit" : "XAVIER_UNIFORM",
          "weightNoise" : null
        },
        "maxNumLineSearchIterations" : 5,
        "miniBatch" : true,
        "minimize" : true,
        "optimizationAlgo" : "STOCHASTIC_GRADIENT_DESCENT",
        "pretrain" : false,
        "seed" : 1546532954766,
        "stepFunction" : null,
        "variables" : [ "W", "b" ]
      },
      "outputVertex" : false,
      "preProcessor" : {
        "@class" : "org.deeplearning4j.nn.conf.preprocessor.RnnToFeedForwardPreProcessor"
      }
    },
    "timedistributed_3" : {
      "@class" : "org.deeplearning4j.nn.conf.graph.LayerVertex",
      "layerConf" : {
        "cacheMode" : "NONE",
        "epochCount" : 0,
        "iterationCount" : 0,
        "layer" : {
          "@class" : "org.deeplearning4j.nn.conf.layers.DenseLayer",
          "activationFn" : {
            "@class" : "org.nd4j.linalg.activations.impl.ActivationSoftmax"
          },
          "biasInit" : 0.0,
          "biasUpdater" : null,
          "constraints" : null,
          "dist" : null,
          "gradientNormalization" : "None",
          "gradientNormalizationThreshold" : 1.0,
          "hasBias" : true,
          "idropout" : {
            "@class" : "org.deeplearning4j.nn.conf.dropout.Dropout",
            "p" : 1.0,
            "pschedule" : null
          },
          "iupdater" : {
            "@class" : "org.nd4j.linalg.learning.config.Sgd",
            "learningRate" : 0.001
          },
          "l1" : 0.0,
          "l1Bias" : 0.0,
          "l2" : 0.009999999776482582,
          "l2Bias" : 0.0,
          "layerName" : "timedistributed_3",
          "nin" : 150,
          "nout" : 15,
          "pretrain" : false,
          "weightInit" : "XAVIER_UNIFORM",
          "weightNoise" : null
        },
        "maxNumLineSearchIterations" : 5,
        "miniBatch" : true,
        "minimize" : true,
        "optimizationAlgo" : "STOCHASTIC_GRADIENT_DESCENT",
        "pretrain" : false,
        "seed" : 1546532954766,
        "stepFunction" : null,
        "variables" : [ "W", "b" ]
      },
      "outputVertex" : false,
      "preProcessor" : {
        "@class" : "org.deeplearning4j.nn.conf.preprocessor.RnnToFeedForwardPreProcessor"
      }
    }
  }
}